REGULATOR	REGULATED	EFFECT
ArcA	STM2786	repressor
ArcA	STM2787	repressor
ArcA	STM2788	repressor
ArcA	STM2789	repressor
ArcA	STM3784	activator
ArcA	STM3784	regulator
ArcA	STM3784	repressor
ArcA	ahpF	activator
ArcA	ahpF	regulator
ArcA	cheV	activator
ArcA	cheV	regulator
ArcA	crp	activator
ArcA	cydAB	regulator
ArcA	cydAB	repressor
ArcA	cyoABCDE	regulator
ArcA	fis	activator
ArcA	fis	regulator
ArcA	fis	repressor
ArcA	fliA	activator
ArcA	fliC	regulator
ArcA	gor	activator
ArcA	katE	regulator
ArcA	mcpAC	activator
ArcA	mcpAC	regulator
ArcA	mgtB	regulator
ArcA	mgtC	regulator
ArcA	mgtCB	repressor
ArcA	nrdEF	activator
ArcA	nrdEF	regulator
ArcA	ompD	regulator
ArcA	ompD	repressor
ArcA	ompW	regulator
ArcA	ompW	repressor
ArcA	pocR	activator
ArcA	rpoS	activator
ArcA	rpoS	repressor
ArcA	slsA	activator
ArcA	slsA	regulator
ArcA	slsA	repressor
ArcA	sodA	regulator
ArcA	sspH2	repressor
ArcA	tctE	repressor
ArcA	trxB	activator
ArcA	trxB	regulator
ArcA	yneB	activator
ArcA	yneB	regulator
BaeR	STM1530	regulator
BaeR	STM3031	regulator
BaeR	acrAB	activator
BaeR	acrD	activator
BaeR	acrD	regulator
BaeR	mdtA	activator
BaeR	mdtA	regulator
BaeR	mdtABC	activator
BaeR	mdtABC	regulator
BaeR	sodA	activator
BaeR	sodA	regulator
BaeR	sodB	regulator
BaeR	tolC	activator
BaeR	tolC	regulator
BaeR	tolC	repressor
CRP	aldB	activator
CRP	ansB	activator
CRP	ansB	regulator
CRP	araC	activator
CRP	araC	repressor
CRP	crp	activator
CRP	crp	regulator
CRP	crp	repressor
CRP	dctA	repressor
CRP	fis	activator
CRP	fis	regulator
CRP	fis	repressor
CRP	flhD	activator
CRP	flhDC	regulator
CRP	ilvB	activator
CRP	ilvB	regulator
CRP	ilvB	repressor
CRP	map	activator
CRP	ompA	regulator
CRP	ompR	repressor
CRP	osmY	repressor
CRP	pepE	regulator
CRP	pepT	activator
CRP	pepT	regulator
CRP	pepT	repressor
CRP	prpBCDE	activator
CRP	prpBCDE	regulator
CRP	prpBCDE	repressor
CRP	prpR	activator
CRP	prpR	regulator
CRP	prpR	repressor
CRP	putA	activator
CRP	putA	regulator
CRP	putA	repressor
CRP	putP	activator
CRP	putP	regulator
CRP	rpoS	activator
CRP	rpoS	regulator
CRP	rpoS	repressor
CRP	spvB	activator
CRP	spvB	repressor
CRP	spvR	repressor
CadC	ompF	activator
CadC	ompR	regulator
CadC	ompR	repressor
CpxR	STM1530	regulator
CpxR	STM3031	regulator
CpxR	acrD	regulator
CpxR	cpxP	activator
CpxR	csrB	activator
CpxR	csrB	regulator
CpxR	csrB	repressor
CpxR	dsbA	regulator
CpxR	mdtABC	regulator
CpxR	rpoE	repressor
CpxR	spy	activator
Crp	crp	repressor
Crp	ompD	activator
Crp	pduF	activator
Crp	pduF	regulator
Crp	pocR	activator
Crp	pocR	regulator
Crp	rpoS	regulator
Crp	tcuA	activator
Crp	tcuA	regulator
Crp	tcuA	repressor
Crp	tcuABC	activator
Crp	tcuABC	regulator
Crp	tcuABC	repressor
Crp	tcuR	regulator
Crp	tcuR	repressor
CsgD	STM2123	activator
CsgD	csgD	activator
CsgD	csgD	repressor
CsgD	fliA	activator
CsgD	fliA	regulator
CysB	cysB	activator
CysB	cysB	regulator
CysB	cysB	repressor
CysB	cysJIH	activator
CysB	cysJIH	regulator
CysB	cysJIH	repressor
CysB	cysK	activator
CysB	cysK	regulator
CysB	cysK	repressor
CysB	spvR	activator
DeoR	deoCABD	regulator
DeoR	deoCABD	repressor
DeoR	deoK	activator
DeoR	deoK	repressor
DeoR	deoQ	activator
DeoR	deoQ	regulator
DeoR	deoQ	repressor
DnaA	dnaA	activator
DnaA	dnaA	regulator
DnaA	nrdAB	regulator
EcnR	ecnR	regulator
EcnR	flhDC	activator
EcnR	flhDC	repressor
EcnR	map	activator
EutR	eutP	activator
EutR	eutP	regulator
EutR	eutP	repressor
EutR	eutR	activator
FNR	aceF	activator
FNR	ackA	activator
FNR	aer	activator
FNR	ansB	activator
FNR	ansB	regulator
FNR	asr	regulator
FNR	asr	repressor
FNR	cheV	regulator
FNR	crp	activator
FNR	dmsA	regulator
FNR	eutR	activator
FNR	fis	activator
FNR	fis	regulator
FNR	fliA	activator
FNR	fliZ	activator
FNR	ftnB	activator
FNR	fumB	regulator
FNR	hilA	repressor
FNR	hilC	repressor
FNR	hlyE	regulator
FNR	hmpA	activator
FNR	hrpA	activator
FNR	mcpAC	regulator
FNR	ndh	regulator
FNR	ndh	repressor
FNR	nrdAB	regulator
FNR	nrdDG	activator
FNR	nrdDG	regulator
FNR	ompW	regulator
FNR	pepT	activator
FNR	pepT	regulator
FNR	pepT	repressor
FNR	srfABC	regulator
FNR	srfABC	repressor
FNR	ycgR	activator
FNR	ynaF	activator
FadD	hilA	activator
FadD	hilA	regulator
FadD	hilA	repressor
FadD	hilC	activator
FadD	hilD	regulator
FadR	hilA	repressor
FimW	fimA	activator
FimW	fimA	regulator
FimW	fimA	repressor
FimW	fimW	activator
FimW	fimW	repressor
FimW	fimY	regulator
FimW	fimY	repressor
FimW	fimZ	activator
FimW	fimZ	regulator
FimW	fimZ	repressor
FimW	sulA	repressor
FimY	fimA	activator
FimY	fimA	regulator
FimY	fimA	repressor
FimY	fimW	activator
FimY	fimW	regulator
FimY	fimY	activator
FimY	fimY	regulator
FimY	fimY	repressor
FimY	fimZ	activator
FimY	fimZ	regulator
FimY	hilE	activator
FimZ	fimA	activator
FimZ	fimA	regulator
FimZ	fimA	repressor
FimZ	fimAICDHF	activator
FimZ	fimW	activator
FimZ	fimW	regulator
FimZ	fimY	activator
FimZ	fimY	regulator
FimZ	fimZ	activator
FimZ	fimZ	regulator
FimZ	fimZ	repressor
FimZ	flhDC	regulator
FimZ	flhDC	repressor
FimZ	fliZ	activator
FimZ	fliZ	repressor
FimZ	hilA	repressor
FimZ	hilE	activator
FimZ	hilE	regulator
FimZ	hilE	repressor
FimZ	sulA	repressor
Fis	STM2911	repressor
Fis	STM2912	repressor
Fis	aldB	repressor
Fis	dps	regulator
Fis	dps	repressor
Fis	fis	activator
Fis	fis	regulator
Fis	fis	repressor
Fis	flhDC	activator
Fis	flhDC	regulator
Fis	fljB	activator
Fis	fljB	regulator
Fis	fljB	repressor
Fis	gin	activator
Fis	gin	regulator
Fis	gyrB	regulator
Fis	hilA	activator
Fis	hilA	regulator
Fis	hilA	repressor
Fis	hilC	activator
Fis	hilC	regulator
Fis	hilD	activator
Fis	hilD	regulator
Fis	hilD	repressor
Fis	hin	regulator
Fis	hin	repressor
Fis	hns	regulator
Fis	hns	repressor
Fis	invC	activator
Fis	invC	regulator
Fis	invC	repressor
Fis	invE	activator
Fis	invE	regulator
Fis	invF	regulator
Fis	invF	repressor
Fis	map	regulator
Fis	mgtC	regulator
Fis	nrfA	regulator
Fis	ompR	activator
Fis	ompR	regulator
Fis	ompR	repressor
Fis	pocR	activator
Fis	pocR	regulator
Fis	pocR	repressor
Fis	rpoS	activator
Fis	rpoS	regulator
Fis	rpoS	repressor
Fis	sipC	regulator
Fis	sopB	regulator
Fis	spaO	activator
Fis	spaO	regulator
Fis	spaO	repressor
Fis	ssaG	regulator
Fis	ssrA	activator
Fis	ssrA	regulator
Fis	ssrAB	activator
Fis	tolC	regulator
FlhD	ecnR	regulator
FlhD	flgM	activator
FlhD	flgM	repressor
FlhD	flhC	regulator
FlhD	flhC	repressor
FlhD	flhD	activator
FlhD	flhD	regulator
FlhD	flhDC	activator
FlhD	flhDC	regulator
FlhD	flhDC	repressor
FlhD	fliA	activator
FlhD	fliA	regulator
FlhD	fliA	repressor
FlhD	fliC	repressor
FlhD	fliZ	activator
FlhD	fliZ	repressor
FlhD	rcsB	activator
FlhD	rflM	activator
FlhD	rflM	repressor
FlhD	ydiV	regulator
FlhD	ydiV	repressor
FlhDC	cheV	repressor
FlhDC	flgK	activator
FlhDC	flgM	activator
FlhDC	flgN	activator
FlhDC	flhDC	activator
FlhDC	flhDC	repressor
FlhDC	fliA	activator
FlhDC	fliA	regulator
FlhDC	fliA	repressor
FlhDC	fliZ	activator
FlhDC	hilA	activator
FlhDC	hilD	repressor
FlhDC	rflM	activator
FlhDC	rflM	repressor
FlhDC	srfABC	activator
FlhDC	srfABC	regulator
FlhDC	srfB	activator
FlhDC	srfB	repressor
FliA	STM3611	regulator
FliA	flgM	activator
FliA	flgM	repressor
FliA	flhD	activator
FliA	flhD	repressor
FliA	flhDC	activator
FliA	flhDC	regulator
FliA	flhDC	repressor
FliA	fliA	activator
FliA	fliA	repressor
FliA	fliC	activator
FliA	fliC	regulator
FliA	fliC	repressor
FliA	fliZ	activator
FliA	fljB	regulator
FliA	hilA	regulator
FliA	hilC	regulator
FliZ	dsbA	repressor
FliZ	fimA	activator
FliZ	fimA	regulator
FliZ	fimA	repressor
FliZ	fimY	repressor
FliZ	fimZ	repressor
FliZ	flgM	activator
FliZ	flhD	activator
FliZ	flhD	repressor
FliZ	flhDC	activator
FliZ	fliA	activator
FliZ	fliA	regulator
FliZ	fliZ	activator
FliZ	fliZ	regulator
FliZ	fliZ	repressor
FliZ	hilA	activator
FliZ	hilA	regulator
FliZ	hilA	repressor
FliZ	hilC	activator
FliZ	hilC	regulator
FliZ	hilC	repressor
FliZ	hilD	activator
FliZ	hilD	regulator
FliZ	hilD	repressor
FliZ	hilE	activator
FliZ	rpoS	repressor
FliZ	ydiV	activator
FliZ	ydiV	regulator
FliZ	ydiV	repressor
Fnr	asr	repressor
Fnr	cydAB	regulator
Fnr	cydAB	repressor
Fnr	cyoABCDE	regulator
Fnr	cyoABCDE	repressor
Fnr	feoB	activator
Fnr	feoB	regulator
Fnr	feoB	repressor
Fnr	ftnB	activator
Fnr	ftnB	regulator
Fnr	ftnB	repressor
Fnr	hilA	regulator
Fnr	hilA	repressor
Fnr	hmp	regulator
Fnr	hmp	repressor
Fnr	hmpA	activator
Fnr	hmpA	regulator
Fnr	hmpA	repressor
Fnr	ompD	activator
Fnr	pepT	activator
Fnr	sodA	regulator
Fnr	sodA	repressor
Fnr	yneB	regulator
Fnr	yneB	repressor
Fur	bfr	repressor
Fur	cydAB	repressor
Fur	cyoABCDE	repressor
Fur	dmsABC	activator
Fur	eutSPQTDMEJGHABCLK	activator
Fur	feoB	activator
Fur	feoB	repressor
Fur	flhDC	activator
Fur	flhDC	regulator
Fur	ftnA	activator
Fur	ftnA	repressor
Fur	ftnB	activator
Fur	ftnB	regulator
Fur	ftnB	repressor
Fur	fur	activator
Fur	fur	regulator
Fur	fur	repressor
Fur	hilA	activator
Fur	hilA	regulator
Fur	hilA	repressor
Fur	hilD	activator
Fur	hilD	regulator
Fur	hilD	repressor
Fur	hmp	activator
Fur	hmp	regulator
Fur	hmp	repressor
Fur	hmpA	activator
Fur	hmpA	regulator
Fur	hmpA	repressor
Fur	hns	activator
Fur	hns	regulator
Fur	hns	repressor
Fur	invF	activator
Fur	iroA	activator
Fur	iroA	regulator
Fur	iroA	repressor
Fur	iroBCDE	repressor
Fur	map	repressor
Fur	mntH	activator
Fur	mntH	regulator
Fur	mntH	repressor
Fur	mntR	regulator
Fur	mntR	repressor
Fur	nrdAB	repressor
Fur	nrdDG	repressor
Fur	nrdHIEF	activator
Fur	nrdHIEF	regulator
Fur	nrdHIEF	repressor
Fur	prgH	repressor
Fur	prgK	repressor
Fur	rpoS	activator
Fur	rpoS	regulator
Fur	ryhB	regulator
Fur	ryhB	repressor
Fur	secY	activator
Fur	secY	regulator
Fur	sicA	repressor
Fur	sipADCB	repressor
Fur	sipC	activator
Fur	sitABCD	activator
Fur	sitABCD	regulator
Fur	sitABCD	repressor
Fur	sodA	activator
Fur	sodA	regulator
Fur	sodA	repressor
Fur	sodB	activator
Fur	sodB	regulator
Fur	sodB	repressor
Fur	ydiE	regulator
Fur	ytfE	regulator
HNS	flhDC	regulator
HNS	hilA	repressor
HNS	hilD	activator
HNS	sulA	activator
HU	hilA	activator
HU	hilA	regulator
HU	hilA	repressor
HU	hilD	activator
HU	hilD	regulator
HU	hilD	repressor
HU	hilE	repressor
HU	nrdDG	activator
HU	ompD	activator
HU	ssrAB	repressor
Hha	hilA	activator
Hha	hilA	regulator
Hha	hilA	repressor
Hha	hilC	regulator
Hha	hilC	repressor
Hha	hilD	regulator
Hha	hilD	repressor
Hha	hilE	repressor
Hha	invF	repressor
Hha	map	regulator
Hha	prgH	repressor
Hha	sipC	repressor
Hha	ssrA	repressor
Hha	ssrB	repressor
HilA	atpF	regulator
HilA	atpF	repressor
HilA	dsbA	regulator
HilA	flhC	activator
HilA	flhC	repressor
HilA	flhD	activator
HilA	flhD	regulator
HilA	flhD	repressor
HilA	flhDC	activator
HilA	flhDC	regulator
HilA	flhDC	repressor
HilA	fliA	activator
HilA	fliA	repressor
HilA	fliZ	regulator
HilA	glpT	repressor
HilA	hilA	activator
HilA	hilA	regulator
HilA	hilA	repressor
HilA	hilC	activator
HilA	hilC	repressor
HilA	hilD	activator
HilA	hilD	regulator
HilA	hilD	repressor
HilA	hilE	activator
HilA	hns	activator
HilA	hns	repressor
HilA	invA	activator
HilA	invC	activator
HilA	invF	activator
HilA	invF	regulator
HilA	invF	repressor
HilA	isrJ	regulator
HilA	lpp	regulator
HilA	lpp	repressor
HilA	map	regulator
HilA	orgB	activator
HilA	orgB	regulator
HilA	orgB	repressor
HilA	orgBC	activator
HilA	orgC	activator
HilA	phoPQ	regulator
HilA	prgH	activator
HilA	prgH	regulator
HilA	prgH	repressor
HilA	prgHIJK	activator
HilA	sicA	activator
HilA	sicA	regulator
HilA	sicA	repressor
HilA	siiA	activator
HilA	siiA	regulator
HilA	siiA	repressor
HilA	siiB	regulator
HilA	siiE	activator
HilA	siiE	regulator
HilA	siiE	repressor
HilA	sipA	activator
HilA	sipA	regulator
HilA	sipBCDA	activator
HilA	sipC	activator
HilA	sipC	regulator
HilA	sirC	activator
HilA	sirC	regulator
HilA	sopA	regulator
HilA	sopB	activator
HilA	sopB	regulator
HilA	sopB	repressor
HilA	sopE	regulator
HilA	sprB	activator
HilA	sprB	regulator
HilA	ssaH	regulator
HilA	ssaH	repressor
HilA	sseL	regulator
HilA	sseL	repressor
HilA	ssrB	activator
HilA	ygiM	regulator
HilA	ygiM	repressor
HilC	dsbA	activator
HilC	dsbA	regulator
HilC	flhDC	activator
HilC	flhDC	regulator
HilC	fliZ	activator
HilC	fliZ	repressor
HilC	hilA	activator
HilC	hilA	regulator
HilC	hilA	repressor
HilC	hilC	activator
HilC	hilC	regulator
HilC	hilC	repressor
HilC	hilD	activator
HilC	hilD	regulator
HilC	hilD	repressor
HilC	invF	activator
HilC	invF	regulator
HilC	invF	repressor
HilC	lpxR	regulator
HilC	mcpC	regulator
HilC	siiA	activator
HilC	siiA	regulator
HilC	siiE	activator
HilC	slrP	activator
HilC	slrP	regulator
HilC	sopB	activator
HilC	ytfK	activator
HilD	dapZ	activator
HilD	dapZ	regulator
HilD	dsbA	activator
HilD	dsbA	regulator
HilD	fis	repressor
HilD	flhC	activator
HilD	flhC	repressor
HilD	flhD	activator
HilD	flhDC	activator
HilD	flhDC	regulator
HilD	flhDC	repressor
HilD	fliL	activator
HilD	fliZ	activator
HilD	fliZ	repressor
HilD	fljB	activator
HilD	hilA	activator
HilD	hilA	regulator
HilD	hilA	repressor
HilD	hilC	activator
HilD	hilC	regulator
HilD	hilC	repressor
HilD	hilD	activator
HilD	hilD	regulator
HilD	hilD	repressor
HilD	hilE	activator
HilD	hilE	regulator
HilD	hilE	repressor
HilD	hns	repressor
HilD	invF	activator
HilD	invF	regulator
HilD	invF	repressor
HilD	lpxR	activator
HilD	lpxR	regulator
HilD	map	regulator
HilD	mcpC	regulator
HilD	rflM	activator
HilD	rflM	repressor
HilD	siiA	activator
HilD	siiA	regulator
HilD	siiE	activator
HilD	sipC	activator
HilD	slrP	activator
HilD	slrP	regulator
HilD	sopB	repressor
HilD	sprB	activator
HilD	sprB	regulator
HilD	sprB	repressor
HilD	ssaG	regulator
HilD	ssrA	activator
HilD	ssrA	regulator
HilD	ssrAB	activator
HilD	ssrAB	regulator
HilD	ssrAB	repressor
HilD	sulA	repressor
HilD	ytfK	activator
HilD	ytfK	regulator
HilE	hilA	activator
HilE	hilA	regulator
HilE	hilA	repressor
HilE	hilC	regulator
HilE	hilD	activator
HilE	hilD	regulator
HilE	hilD	repressor
HilE	hilE	activator
HilE	invF	repressor
HilE	siiE	repressor
HilE	sulA	activator
HilE	sulA	repressor
IHF	csgD	activator
IHF	csgD	regulator
IHF	csrB	activator
IHF	csrB	regulator
IHF	csrB	repressor
IHF	dps	activator
IHF	fimA	repressor
IHF	fis	activator
IHF	fis	regulator
IHF	glnH	activator
IHF	glnH	regulator
IHF	hilA	repressor
IHF	mgtCB	activator
IHF	ompR	regulator
IHF	pipB	activator
IHF	prpBCDE	activator
IHF	prpR	repressor
IHF	spvABC	activator
IHF	spvR	regulator
IHF	tolC	regulator
IgaA	flhDC	activator
IgaA	flhDC	regulator
IgaA	igaA	activator
IgaA	igaA	repressor
IgaA	rcsA	regulator
IgaA	rcsB	activator
IgaA	rcsB	repressor
IgaA	spvAB	activator
IgaA	spvAB	repressor
IgaA	ugd	activator
IgaA	ugd	repressor
InvF	dsbA	regulator
InvF	hilA	activator
InvF	hilA	regulator
InvF	invF	activator
InvF	invF	regulator
InvF	invF	repressor
InvF	prgH	activator
InvF	prgH	repressor
InvF	sicA	activator
InvF	sicA	regulator
InvF	sicA	repressor
InvF	sipA	activator
InvF	sipBCDA	activator
InvF	sipC	activator
InvF	sipC	regulator
InvF	sopA	activator
InvF	sopA	regulator
InvF	sopA	repressor
InvF	sopB	activator
InvF	sopB	regulator
InvF	sopB	repressor
InvF	sopE	activator
InvF	sopE	regulator
InvF	sopE	repressor
LexA	csrB	regulator
LexA	finP	activator
LexA	finP	regulator
LexA	hilE	regulator
LexA	nanH	activator
LexA	nanH	regulator
LexA	sulA	activator
LexA	sulA	regulator
LexA	sulA	repressor
Lrp	fimA	activator
Lrp	fimA	regulator
Lrp	fimA	repressor
Lrp	fimW	regulator
Lrp	fimZ	activator
Lrp	fimZ	regulator
Lrp	fimZ	repressor
Lrp	hilA	repressor
Lrp	invF	repressor
Lrp	osmY	regulator
Lrp	spvA	repressor
Lrp	spvABCD	repressor
Lrp	ssrA	repressor
Lrp	traJ	activator
LsrR	fliC	repressor
LsrR	invF	activator
LsrR	invF	regulator
LsrR	invF	repressor
LsrR	sicA	repressor
LsrR	sopB	repressor
LsrR	sopE	repressor
LuxS	hilA	activator
LuxS	hilA	regulator
LuxS	invF	activator
LuxS	invF	regulator
LuxS	prgH	activator
LuxS	prgH	regulator
MalT	malX	activator
MalT	malX	regulator
MarA	acrAB	activator
MarA	acrAB	regulator
MarA	marRAB	activator
MarA	mgtA	activator
MarA	ompW	activator
MarA	ompW	regulator
MarA	ompW	repressor
MarA	phoPQ	activator
MarA	rob	regulator
MarA	rob	repressor
MarA	sodA	activator
MarA	soxS	activator
MarA	tolC	activator
MarT	misL	activator
MarT	misL	regulator
MarT	misL	repressor
MetJ	metA	repressor
MetJ	metE	activator
MetJ	metE	repressor
MetJ	metF	repressor
MetJ	metH	repressor
MetJ	metR	repressor
MetR	araC	activator
MetR	cysB	regulator
MetR	glyA	activator
MetR	glyA	regulator
MetR	hilA	activator
MetR	hmp	activator
MetR	metA	activator
MetR	metA	regulator
MetR	metA	repressor
MetR	metE	activator
MetR	metE	regulator
MetR	metE	repressor
MetR	metF	activator
MetR	metF	regulator
MetR	metF	repressor
MetR	metH	activator
MetR	metH	regulator
MetR	metH	repressor
MetR	metR	activator
MetR	metR	regulator
MetR	metR	repressor
MetR	spvR	activator
Mlc	hilA	activator
Mlc	hilA	regulator
Mlc	hilD	activator
Mlc	hilD	repressor
Mlc	hilE	activator
Mlc	hilE	regulator
Mlc	hilE	repressor
Mlc	invF	regulator
MntR	fur	activator
MntR	fur	repressor
MntR	mntH	activator
MntR	mntH	regulator
MntR	mntH	repressor
MntR	mntR	activator
MntR	mntR	regulator
MntR	mntR	repressor
MntR	sitABCD	activator
MntR	sitABCD	regulator
MntR	sitABCD	repressor
MviA	igaA	activator
MviA	igaA	regulator
MviA	igaA	repressor
MviA	rcsB	activator
MviA	rcsB	repressor
MviA	rpoS	activator
MviA	rpoS	regulator
MviA	rpoS	repressor
NadR	nadA	regulator
NadR	nadA	repressor
NadR	nadB	activator
NadR	nadB	repressor
NadR	pncB	regulator
NadR	pncB	repressor
NadR	pnuC	regulator
NrdR	nrdAB	activator
NrdR	nrdAB	regulator
NrdR	nrdAB	repressor
NrdR	nrdDG	activator
NrdR	nrdDG	regulator
NrdR	nrdDG	repressor
NrdR	nrdHIEF	activator
NrdR	nrdHIEF	regulator
NrdR	nrdHIEF	repressor
NsrR	hcp	regulator
NsrR	hcp	repressor
NsrR	hcr	regulator
NsrR	hcr	repressor
NsrR	hmp	activator
NsrR	hmp	regulator
NsrR	hmp	repressor
NsrR	hmpA	activator
NsrR	hmpA	repressor
NsrR	sodB	regulator
NsrR	tehB	regulator
NsrR	ygbA	activator
NsrR	ygbA	regulator
NsrR	ytfE	activator
NsrR	ytfE	regulator
NtrC	glnH	activator
NtrC	glnKamtB	activator
NtrC	glnKamtB	regulator
NtrC	prpBCDE	activator
OmpR	ackA	regulator
OmpR	bamA	regulator
OmpR	csgD	activator
OmpR	csgD	regulator
OmpR	csgD	repressor
OmpR	cstA2	repressor
OmpR	flhD	repressor
OmpR	flhDC	activator
OmpR	flhDC	regulator
OmpR	flhDC	repressor
OmpR	hilA	activator
OmpR	hilA	regulator
OmpR	hilA	repressor
OmpR	hilC	activator
OmpR	hilC	regulator
OmpR	hilC	repressor
OmpR	hilD	activator
OmpR	hilD	regulator
OmpR	hilD	repressor
OmpR	hns	regulator
OmpR	map	regulator
OmpR	mgtC	activator
OmpR	mgtC	regulator
OmpR	micF	activator
OmpR	narK	activator
OmpR	nrfA	activator
OmpR	ompA	activator
OmpR	ompA	repressor
OmpR	ompF	activator
OmpR	ompF	regulator
OmpR	ompF	repressor
OmpR	ompR	activator
OmpR	ompR	regulator
OmpR	ompR	repressor
OmpR	ompS1	activator
OmpR	ompS1	regulator
OmpR	ompS1	repressor
OmpR	phoP	activator
OmpR	phoP	regulator
OmpR	phoP	repressor
OmpR	pmrCAB	activator
OmpR	prgH	regulator
OmpR	prgHIJK	regulator
OmpR	sdhCDA	activator
OmpR	sprB	activator
OmpR	sprB	repressor
OmpR	ssaB	activator
OmpR	ssaB	repressor
OmpR	ssaG	activator
OmpR	ssaG	repressor
OmpR	ssaH	activator
OmpR	ssaH	repressor
OmpR	ssrA	activator
OmpR	ssrA	regulator
OmpR	ssrA	repressor
OmpR	ssrAB	activator
OmpR	ssrAB	regulator
OmpR	ssrB	activator
OmpR	ssrB	regulator
OmpR	tppB	activator
OmpR	tppB	regulator
OmpR	tviA	regulator
OmpR	tviA	repressor
OmpR	yehUT	activator
OxyR	agn43	regulator
OxyR	agn43	repressor
OxyR	ahpC	regulator
OxyR	dps	activator
OxyR	dps	regulator
OxyR	gor	regulator
OxyR	mntH	activator
OxyR	mntH	regulator
OxyR	nrdHIEF	activator
OxyR	oxyR	activator
OxyR	oxyR	regulator
OxyR	oxyR	repressor
OxyR	oxyS	activator
OxyR	oxyS	regulator
OxyR	oxyS	repressor
OxyR	spvR	activator
OxyR	trxB	regulator
PhoB	hilA	activator
PhoB	hilA	regulator
PhoB	hilA	repressor
PhoB	hilC	repressor
PhoB	hilD	activator
PhoB	hilD	regulator
PhoB	hilD	repressor
PhoB	hilE	activator
PhoB	hilE	repressor
PhoP	amgR	activator
PhoP	amgR	regulator
PhoP	amgR	repressor
PhoP	envE	activator
PhoP	feoB	activator
PhoP	flhDC	repressor
PhoP	fliC	repressor
PhoP	glpK	regulator
PhoP	glpK	repressor
PhoP	gmm	activator
PhoP	gmm	repressor
PhoP	hemL	regulator
PhoP	hilA	activator
PhoP	hilA	regulator
PhoP	hilA	repressor
PhoP	hilC	repressor
PhoP	hilD	activator
PhoP	hilD	repressor
PhoP	hilE	activator
PhoP	hilE	repressor
PhoP	igaA	activator
PhoP	igaA	repressor
PhoP	iraP	activator
PhoP	iraP	regulator
PhoP	iraP	repressor
PhoP	lpxO	activator
PhoP	lpxO	regulator
PhoP	lpxO	repressor
PhoP	malX	activator
PhoP	map	regulator
PhoP	mgrB	activator
PhoP	mgrB	regulator
PhoP	mgtA	activator
PhoP	mgtA	regulator
PhoP	mgtA	repressor
PhoP	mgtB	activator
PhoP	mgtB	repressor
PhoP	mgtC	activator
PhoP	mgtC	regulator
PhoP	mgtC	repressor
PhoP	mgtCB	activator
PhoP	mgtCB	regulator
PhoP	mgtCBR	activator
PhoP	mgtCBR	regulator
PhoP	ompD	activator
PhoP	orgB	activator
PhoP	orgB	regulator
PhoP	orgB	repressor
PhoP	orgBC	activator
PhoP	orgBC	regulator
PhoP	orgBC	repressor
PhoP	orgC	activator
PhoP	orgC	repressor
PhoP	pagA	activator
PhoP	pagA	regulator
PhoP	pagB	activator
PhoP	pagB	regulator
PhoP	pagC	activator
PhoP	pagC	regulator
PhoP	pagC	repressor
PhoP	pagD	activator
PhoP	pagD	regulator
PhoP	pagD	repressor
PhoP	pagJ	regulator
PhoP	pagK	activator
PhoP	pagK	regulator
PhoP	pagK	repressor
PhoP	pagM	activator
PhoP	pagM	repressor
PhoP	pagN	activator
PhoP	pagP	activator
PhoP	pagP	regulator
PhoP	pagP	repressor
PhoP	pbgE	activator
PhoP	pbgE	regulator
PhoP	pbgM	activator
PhoP	pbgM	regulator
PhoP	pbgP	activator
PhoP	pbgP	regulator
PhoP	pcgD	activator
PhoP	pcgD	regulator
PhoP	pcgL	activator
PhoP	pcgP	activator
PhoP	pcgP	regulator
PhoP	phoN	activator
PhoP	phoN	regulator
PhoP	phoP	activator
PhoP	phoP	regulator
PhoP	phoP	repressor
PhoP	phoPQ	activator
PhoP	phoPQ	regulator
PhoP	phoPQ	repressor
PhoP	pipD	activator
PhoP	pipD	regulator
PhoP	pipD	repressor
PhoP	pmrA	activator
PhoP	pmrA	regulator
PhoP	pmrA	repressor
PhoP	pmrAB	activator
PhoP	pmrAB	regulator
PhoP	pmrB	regulator
PhoP	pmrC	activator
PhoP	pmrC	regulator
PhoP	pmrCAB	activator
PhoP	pmrCAB	regulator
PhoP	pmrD	activator
PhoP	pmrD	regulator
PhoP	pmrD	repressor
PhoP	pmrHFIJKLM	regulator
PhoP	prgB	repressor
PhoP	prgC	repressor
PhoP	prgH	activator
PhoP	prgH	regulator
PhoP	prgH	repressor
PhoP	prgHIJK	repressor
PhoP	rob	activator
PhoP	rpoS	activator
PhoP	rpoS	repressor
PhoP	rstA	activator
PhoP	rstA	regulator
PhoP	rstA	repressor
PhoP	siiA	activator
PhoP	siiA	repressor
PhoP	siiE	activator
PhoP	siiE	repressor
PhoP	sodCI	activator
PhoP	sodCI	regulator
PhoP	sodCI	repressor
PhoP	sodCII	activator
PhoP	spvA	activator
PhoP	spvA	regulator
PhoP	srfABC	regulator
PhoP	srfABC	repressor
PhoP	srfJ	activator
PhoP	srfJ	regulator
PhoP	ssaB	activator
PhoP	ssaB	regulator
PhoP	ssaB	repressor
PhoP	ssaV	activator
PhoP	sseG	regulator
PhoP	sseL	activator
PhoP	ssrA	regulator
PhoP	ssrAB	activator
PhoP	ssrB	activator
PhoP	ssrB	regulator
PhoP	ugd	activator
PhoP	ugd	regulator
PhoP	ugd	repressor
PhoP	ugtL	activator
PhoP	ugtL	regulator
PhoP	ugtL	repressor
PhoP	ushA	activator
PhoP	ushA	regulator
PhoP	ushA	repressor
PhoP	virK	activator
PhoP	virK	repressor
PhoP	ybjX	activator
PhoP	ybjX	repressor
PhoP	ydeI	activator
PhoP	ydeI	regulator
PhoP	yrbL	activator
PhoP	yrbL	regulator
PhoR	hilA	regulator
PhoR	hilA	repressor
PhoR	hilD	activator
PhoR	hilE	activator
PmrA	gmm	activator
PmrA	gmm	repressor
PmrA	iroA	activator
PmrA	map	repressor
PmrA	mgtA	activator
PmrA	mgtA	regulator
PmrA	mgtC	regulator
PmrA	pagB	activator
PmrA	pagB	regulator
PmrA	pagC	regulator
PmrA	pagP	regulator
PmrA	pbgE	activator
PmrA	pbgE	regulator
PmrA	pbgM	regulator
PmrA	pbgP	activator
PmrA	pbgP	regulator
PmrA	pcgD	regulator
PmrA	pcgL	regulator
PmrA	pcgP	regulator
PmrA	phoP	activator
PmrA	phoP	repressor
PmrA	pmrA	activator
PmrA	pmrA	regulator
PmrA	pmrA	repressor
PmrA	pmrAB	activator
PmrA	pmrAB	regulator
PmrA	pmrB	activator
PmrA	pmrB	regulator
PmrA	pmrC	activator
PmrA	pmrC	regulator
PmrA	pmrC	repressor
PmrA	pmrCAB	activator
PmrA	pmrCAB	regulator
PmrA	pmrD	activator
PmrA	pmrD	regulator
PmrA	pmrD	repressor
PmrA	pmrHFIJKLM	activator
PmrA	pmrHFIJKLM	regulator
PmrA	rcsB	regulator
PmrA	rcsB	repressor
PmrA	ugd	activator
PmrA	ugd	regulator
PmrA	wzz	activator
PmrA	wzz	repressor
PmrA	ydeI	activator
PmrA	ydeI	regulator
PmrA	yrbL	repressor
PocR	pduF	activator
PocR	pduF	regulator
PocR	pduF	repressor
PocR	pocR	activator
PocR	pocR	regulator
PocR	pocR	repressor
PreA	STM3175	activator
PreA	STM3175	regulator
PreA	mdaB	activator
PreA	mdaB	regulator
PreA	pmrC	activator
PreA	pmrC	regulator
PreA	pmrCAB	activator
PreA	pmrCAB	regulator
PreA	pmrCAB	repressor
PrpR	prpBCDE	activator
PrpR	prpBCDE	regulator
PrpR	prpBCDE	repressor
PrpR	prpR	activator
PrpR	prpR	regulator
PspF	cas1	regulator
PutA	putA	activator
PutA	putA	regulator
PutA	putA	repressor
PutA	putP	activator
PutA	putP	repressor
RamA	acrAB	activator
RamA	hmp	activator
RamA	hmp	regulator
RamA	invF	repressor
RamA	soxS	activator
RamA	sprA	repressor
RamA	ssrA	regulator
RamA	ssrA	repressor
RamA	tolC	activator
RamA	tolC	regulator
RcsA	flhDC	repressor
RcsA	igaA	activator
RcsA	igaA	repressor
RcsA	mgtA	activator
RcsA	pbgP	activator
RcsA	phoP	activator
RcsA	rcsA	activator
RcsA	rcsA	regulator
RcsA	srfJ	regulator
RcsA	ugd	activator
RcsA	yciGFE	activator
RcsA	ydeI	activator
RcsAB	flhD	repressor
RcsAB	flhDC	regulator
RcsAB	flhDC	repressor
RcsAB	igaA	activator
RcsAB	rcsA	activator
RcsAB	rcsA	regulator
RcsAB	rcsA	repressor
RcsB	STM3155	repressor
RcsB	ackA	activator
RcsB	ackA	regulator
RcsB	ackA	repressor
RcsB	bapA	regulator
RcsB	csgD	activator
RcsB	csgD	regulator
RcsB	csgD	repressor
RcsB	flhC	activator
RcsB	flhC	repressor
RcsB	flhD	activator
RcsB	flhDC	activator
RcsB	flhDC	regulator
RcsB	flhDC	repressor
RcsB	fliM	repressor
RcsB	glgC	activator
RcsB	glgX	activator
RcsB	gmm	activator
RcsB	hilA	activator
RcsB	hilA	repressor
RcsB	igaA	activator
RcsB	igaA	regulator
RcsB	igaA	repressor
RcsB	invF	activator
RcsB	mcpC	repressor
RcsB	mgtA	activator
RcsB	mgtA	regulator
RcsB	mgtA	repressor
RcsB	pagO	activator
RcsB	pagO	regulator
RcsB	pagO	repressor
RcsB	pbgP	activator
RcsB	pbgP	regulator
RcsB	pbgP	repressor
RcsB	phoN	repressor
RcsB	phoP	regulator
RcsB	phoP	repressor
RcsB	phoPQ	regulator
RcsB	phoPQ	repressor
RcsB	pmrA	activator
RcsB	pmrA	regulator
RcsB	pmrA	repressor
RcsB	rcsA	activator
RcsB	rcsB	activator
RcsB	rcsB	repressor
RcsB	rflM	activator
RcsB	rpoS	regulator
RcsB	siiE	regulator
RcsB	sipC	activator
RcsB	spvA	activator
RcsB	spvA	regulator
RcsB	spvA	repressor
RcsB	spvAB	activator
RcsB	spvAB	repressor
RcsB	srfA	regulator
RcsB	srfABC	regulator
RcsB	srfABC	repressor
RcsB	srfB	regulator
RcsB	srfC	regulator
RcsB	srfJ	activator
RcsB	srfJ	regulator
RcsB	srfJ	repressor
RcsB	tviA	activator
RcsB	tviA	regulator
RcsB	ugd	activator
RcsB	ugd	regulator
RcsB	wzz	activator
RcsB	wzz	regulator
RcsB	wzz	repressor
RcsB	yciGFE	activator
RcsB	yciGFE	regulator
RcsB	yciGFE	repressor
RcsB	ydeI	activator
RcsB	ydeI	regulator
RflM	flhC	activator
RflM	flhD	repressor
RflM	flhDC	activator
RflM	flhDC	regulator
RflM	flhDC	repressor
RflM	fliC	repressor
RflM	fliZ	activator
RflM	fljB	repressor
RflM	rcsB	regulator
RflM	rflM	activator
RflM	rflM	regulator
Rob	acrAB	activator
Rob	acrAB	regulator
Rob	mgtA	activator
Rob	mgtA	regulator
Rob	mgtA	repressor
Rob	ompW	regulator
Rob	phoP	activator
Rob	rob	activator
Rob	rob	regulator
Rob	soxS	activator
Rob	tolC	activator
RpoS	Crl	activator
RpoS	Crl	regulator
RpoS	ahpF	regulator
RpoS	bapA	regulator
RpoS	bapA	repressor
RpoS	cacA	activator
RpoS	cacA	regulator
RpoS	csgD	activator
RpoS	csgD	regulator
RpoS	dps	activator
RpoS	dps	regulator
RpoS	fis	activator
RpoS	fis	regulator
RpoS	fis	repressor
RpoS	fur	activator
RpoS	gyrB	activator
RpoS	hilA	activator
RpoS	hns	activator
RpoS	hns	regulator
RpoS	hns	repressor
RpoS	igaA	activator
RpoS	igaA	regulator
RpoS	igaA	repressor
RpoS	iraP	activator
RpoS	iraP	regulator
RpoS	iraP	repressor
RpoS	katE	activator
RpoS	katE	regulator
RpoS	katE	repressor
RpoS	mgtA	repressor
RpoS	mgtC	activator
RpoS	narZ	activator
RpoS	narZ	repressor
RpoS	ogt	activator
RpoS	ogt	regulator
RpoS	ogt	repressor
RpoS	pagC	regulator
RpoS	pbgP	activator
RpoS	phoP	activator
RpoS	phoP	repressor
RpoS	phoPQ	repressor
RpoS	proV	activator
RpoS	rpoS	activator
RpoS	rpoS	regulator
RpoS	rpoS	repressor
RpoS	rstA	regulator
RpoS	sodCII	activator
RpoS	sodCII	regulator
RpoS	spvA	activator
RpoS	spvA	regulator
RpoS	spvA	repressor
RpoS	spvB	activator
RpoS	spvR	activator
RpoS	ssrA	activator
RpoS	yciF	regulator
RpoS	ydeI	activator
RpoS	ydeI	regulator
RpoS	ydeI	repressor
RpoS	ygaU	regulator
RstA	asr	activator
RstA	bapA	regulator
RstA	bapA	repressor
RstA	csgD	repressor
RstA	feoB	activator
RstA	feoB	regulator
RstA	feoB	repressor
RstA	hns	activator
RstA	narZ	activator
RstA	narZ	regulator
RstA	narZ	repressor
RstA	rpoS	activator
RstA	rpoS	repressor
RstA	rstA	activator
RstA	rstA	regulator
RstA	rstA	repressor
RstA	spvA	regulator
RstA	spvA	repressor
RtsA	dsbA	activator
RtsA	dsbA	regulator
RtsA	flhDC	activator
RtsA	flhDC	repressor
RtsA	hilA	activator
RtsA	hilA	regulator
RtsA	hilA	repressor
RtsA	hilC	activator
RtsA	hilC	regulator
RtsA	hilD	activator
RtsA	hilD	regulator
RtsA	invC	activator
RtsA	invF	activator
RtsA	invF	regulator
RtsA	lpxR	regulator
RtsA	mcpC	regulator
RtsA	siiA	activator
RtsA	siiA	regulator
RtsA	siiE	activator
RtsA	slrP	activator
RtsA	slrP	regulator
RtsA	sopA	activator
RtsA	sopB	activator
RtsB	fimA	activator
RtsB	flhD	repressor
RtsB	flhDC	activator
RtsB	flhDC	regulator
RtsB	flhDC	repressor
RtsB	fliZ	activator
RtsB	hilA	activator
RtsB	hilA	repressor
STM4463	STM4467	activator
STM4463	STM4467	regulator
STM4463	STM4467	repressor
STM4463	ssaG	activator
SdiA	rck	activator
SdiA	rck	regulator
SdiA	sdiA	activator
SdiA	sdiA	regulator
SdiA	srgE	activator
SdiA	srgE	regulator
SirA	csrB	activator
SirA	csrB	regulator
SirA	csrB	repressor
SirA	flhD	repressor
SirA	flhDC	repressor
SirA	hilA	activator
SirA	hilA	regulator
SirA	hilA	repressor
SirA	hilC	activator
SirA	hilC	regulator
SirA	hilD	activator
SirA	hilD	regulator
SirA	hilD	repressor
SirA	invF	activator
SirA	invF	regulator
SirA	siiA	activator
SirA	siiE	activator
SirA	siiE	regulator
SirA	sirC	activator
SirA	sirC	regulator
SirA	sopB	regulator
SirA	ssaG	regulator
SirA	sspC	activator
SirA	ssrAB	regulator
SirA	sulA	repressor
SirB	sirC	activator
SirB	sirC	regulator
SirB	sirC	repressor
SlyA	flhDC	regulator
SlyA	flhDC	repressor
SlyA	hlyE	regulator
SlyA	ompD	activator
SlyA	pagC	regulator
SlyA	sodCII	repressor
SlyA	ssaV	regulator
SlyA	ssrA	activator
SlyA	ssrA	regulator
SlyA	ssrAB	activator
SlyA	ugtL	regulator
SoxR	soxS	activator
SoxR	soxS	regulator
SoxS	acrAB	activator
SoxS	acrAB	regulator
SoxS	mgtA	activator
SoxS	micF	activator
SoxS	micF	regulator
SoxS	nfo	activator
SoxS	nfsA	activator
SoxS	nifJ	regulator
SoxS	ompW	activator
SoxS	ompW	regulator
SoxS	ompW	repressor
SoxS	phoPQ	activator
SoxS	rob	regulator
SoxS	rob	repressor
SoxS	sodA	activator
SoxS	soxS	activator
SoxS	soxS	regulator
SoxS	tolC	activator
SoxS	zwf	activator
SprB	hilA	activator
SprB	hilA	repressor
SprB	hilC	repressor
SprB	hilD	regulator
SprB	hilD	repressor
SprB	siiA	activator
SprB	siiA	regulator
SprB	sprB	activator
SprB	sprB	repressor
SpvR	crp	activator
SpvR	entC	activator
SpvR	spvA	activator
SpvR	spvA	regulator
SpvR	spvA	repressor
SpvR	spvABC	activator
SpvR	spvABC	regulator
SpvR	spvABCD	activator
SpvR	spvABCD	regulator
SpvR	spvB	activator
SpvR	spvB	regulator
SpvR	spvB	repressor
SpvR	spvC	regulator
SpvR	spvR	activator
SpvR	spvR	regulator
SpvR	spvR	repressor
SsrB	STM2237	regulator
SsrB	araC	regulator
SsrB	hilD	activator
SsrB	map	regulator
SsrB	ompR	regulator
SsrB	rpoE	regulator
SsrB	sciF	activator
SsrB	sciF	regulator
SsrB	sciS	regulator
SsrB	sciS	repressor
SsrB	slrP	activator
SsrB	srfA	regulator
SsrB	srfB	regulator
SsrB	srfC	regulator
SsrB	srfJ	activator
SsrB	srfJ	regulator
SsrB	srfM	regulator
SsrB	srfN	activator
SsrB	srfN	regulator
SsrB	srfN	repressor
SsrB	ssaB	activator
SsrB	ssaB	regulator
SsrB	ssaG	activator
SsrB	ssaG	regulator
SsrB	ssaG	repressor
SsrB	ssaJ	regulator
SsrB	ssaR	regulator
SsrB	ssaV	activator
SsrB	ssaV	regulator
SsrB	sseA	activator
SsrB	sseA	regulator
SsrB	sseA	repressor
SsrB	sseAB	activator
SsrB	sseG	activator
SsrB	sseL	activator
SsrB	sseL	regulator
SsrB	sspH2	activator
SsrB	sspH2	regulator
SsrB	ssrA	activator
SsrB	ssrA	regulator
SsrB	ssrAB	regulator
SsrB	ssrAB	repressor
SsrB	ssrB	activator
SsrB	ssrB	regulator
SsrB	ssrB	repressor
StpA	dsbA	repressor
StpA	hns	regulator
StpA	ompS1	repressor
TctD	tctC	activator
TctD	tctC	repressor
TviA	flhC	activator
TviA	flhC	repressor
TviA	flhDC	regulator
TviA	flhDC	repressor
TviA	fliZ	repressor
TviA	glgC	activator
TviA	glgX	activator
TviA	hilA	repressor
TviA	hilD	repressor
TviA	rcsB	activator
TviA	tviA	activator
TviA	tviA	regulator
TviA	tviA	repressor
TyrR	aniC	activator
TyrR	hyaB	activator
YdgT	map	regulator
YdgT	ssrA	repressor
YdgT	ssrAB	activator
YdgT	ssrB	repressor
YdiV	fliA	activator
YdiV	fliA	repressor
YdiV	fliC	regulator
YdiV	fliC	repressor
YdiV	fliZ	activator
YdiV	fliZ	regulator
YdiV	fliZ	repressor
YdiV	ydiV	activator
YdiV	ydiV	regulator
YdiV	ydiV	repressor
Zur	zinT	regulator
Zur	znuA	regulator
